user_id,email,country,signup_date,user_status
U1020,user1020@nvidia.com,DE,2023-04-29 18:21:48.923759,Suspended
U1210,user1210@nvidia.com,AU,2024-04-17 18:21:48.923776,Suspended
U1238,user1238@nvidia.com,UK,2023-08-27 18:21:48.923779,Suspended
U1418,user1418@nvidia.com,AU,2022-12-07 18:21:48.923781,Active
U1809,user1809@nvidia.com,DE,2025-02-15 18:21:48.923783,Active
U1155,user1155@nvidia.com,DE,2025-01-05 18:21:48.923785,Suspended
U1942,user1942@nvidia.com,DE,2024-04-19 18:21:48.923787,Suspended
U1073,user1073@nvidia.com,UK,2025-03-09 18:21:48.923790,Suspended
U1024,user1024@nvidia.com,AU,2023-05-09 18:21:48.923794,Active
U1280,user1280@nvidia.com,UK,2023-08-27 18:21:48.923796,Suspended
U1317,user1317@nvidia.com,AU,2024-08-15 18:21:48.923798,Suspended
U1629,user1629@nvidia.com,IN,2024-10-08 18:21:48.923800,Suspended
U1431,user1431@nvidia.com,DE,2023-09-30 18:21:48.923802,Suspended
U1627,user1627@nvidia.com,UK,2025-04-05 18:21:48.923804,Suspended
U1490,user1490@nvidia.com,IN,2024-02-01 18:21:48.923807,Suspended
U1324,user1324@nvidia.com,IN,2023-05-08 18:21:48.923809,Suspended
U1244,user1244@nvidia.com,UK,2023-06-30 18:21:48.923810,Suspended
U1821,user1821@nvidia.com,DE,2024-11-13 18:21:48.923813,Active
U1137,user1137@nvidia.com,US,2024-06-15 18:21:48.923815,Suspended
U1718,user1718@nvidia.com,DE,2023-12-09 18:21:48.923817,Suspended
U1370,user1370@nvidia.com,DE,2023-02-15 18:21:48.923819,Active
U1407,user1407@nvidia.com,AU,2023-03-23 18:21:48.923821,Suspended
U1473,user1473@nvidia.com,US,2023-12-18 18:21:48.923823,Suspended
U1763,user1763@nvidia.com,US,2023-05-09 18:21:48.923824,Active
U1514,user1514@nvidia.com,DE,2025-01-11 18:21:48.923826,Suspended
U1083,user1083@nvidia.com,DE,2025-02-07 18:21:48.923828,Suspended
U1702,user1702@nvidia.com,US,2022-11-03 18:21:48.923830,Active
U1731,user1731@nvidia.com,UK,2023-12-02 18:21:48.923832,Suspended
U1991,user1991@nvidia.com,IN,2024-01-03 18:21:48.923834,Active
U1582,user1582@nvidia.com,AU,2023-08-27 18:21:48.923836,Active
U1373,user1373@nvidia.com,UK,2024-09-13 18:21:48.923838,Suspended
U1376,user1376@nvidia.com,UK,2023-08-21 18:21:48.923840,Suspended
U1830,user1830@nvidia.com,DE,2025-01-03 18:21:48.923842,Active
U1399,user1399@nvidia.com,IN,2024-09-18 18:21:48.923844,Suspended
U1159,user1159@nvidia.com,IN,2023-06-02 18:21:48.923846,Active
U1096,user1096@nvidia.com,UK,2023-12-22 18:21:48.923847,Suspended
U1603,user1603@nvidia.com,UK,2025-02-05 18:21:48.923849,Active
U1989,user1989@nvidia.com,US,2025-04-12 18:21:48.923851,Suspended
U1597,user1597@nvidia.com,DE,2023-02-08 18:21:48.923853,Suspended
U1735,user1735@nvidia.com,DE,2025-02-22 18:21:48.923855,Active
U1777,user1777@nvidia.com,UK,2024-06-14 18:21:48.923857,Active
U1953,user1953@nvidia.com,UK,2023-07-11 18:21:48.923859,Active
U1319,user1319@nvidia.com,UK,2023-03-22 18:21:48.923861,Suspended
U1564,user1564@nvidia.com,US,2022-10-11 18:21:48.923863,Suspended
U1555,user1555@nvidia.com,US,2024-07-03 18:21:48.923865,Suspended
U1796,user1796@nvidia.com,US,2022-10-12 18:21:48.923867,Active
U1040,user1040@nvidia.com,DE,2024-12-28 18:21:48.923868,Suspended
U1004,user1004@nvidia.com,IN,2024-12-05 18:21:48.923871,Suspended
U1025,user1025@nvidia.com,US,2022-12-10 18:21:48.923873,Active
U1811,user1811@nvidia.com,US,2023-02-21 18:21:48.923875,Suspended
U1147,user1147@nvidia.com,US,2024-08-19 18:21:48.923877,Suspended
U1760,user1760@nvidia.com,DE,2022-09-30 18:21:48.923879,Suspended
U1849,user1849@nvidia.com,AU,2024-08-20 18:21:48.923881,Active
U1880,user1880@nvidia.com,US,2024-06-18 18:21:48.923883,Suspended
U1659,user1659@nvidia.com,UK,2023-12-30 18:21:48.923885,Active
U1194,user1194@nvidia.com,IN,2023-09-10 18:21:48.923886,Suspended
U1511,user1511@nvidia.com,IN,2023-10-20 18:21:48.923888,Suspended
U1325,user1325@nvidia.com,IN,2022-10-25 18:21:48.923890,Suspended
U1270,user1270@nvidia.com,UK,2024-11-25 18:21:48.923892,Suspended
U1173,user1173@nvidia.com,DE,2022-10-29 18:21:48.923894,Suspended
U1232,user1232@nvidia.com,AU,2025-03-10 18:21:48.923896,Active
U1641,user1641@nvidia.com,UK,2023-05-07 18:21:48.923897,Active
U1208,user1208@nvidia.com,AU,2023-01-21 18:21:48.923899,Active
U1267,user1267@nvidia.com,UK,2024-09-01 18:21:48.923901,Suspended
U1927,user1927@nvidia.com,US,2023-05-22 18:21:48.923903,Active
U1254,user1254@nvidia.com,AU,2023-02-05 18:21:48.923905,Suspended
U1993,user1993@nvidia.com,UK,2025-01-29 18:21:48.923907,Suspended
U1949,user1949@nvidia.com,DE,2024-04-15 18:21:48.923909,Active
U1670,user1670@nvidia.com,AU,2024-11-04 18:21:48.923910,Active
U1685,user1685@nvidia.com,UK,2022-11-13 18:21:48.923912,Active
U1313,user1313@nvidia.com,DE,2023-10-20 18:21:48.923914,Active
U1146,user1146@nvidia.com,US,2023-05-28 18:21:48.923916,Active
U1275,user1275@nvidia.com,US,2024-02-02 18:21:48.923918,Active
U1924,user1924@nvidia.com,AU,2024-06-28 18:21:48.923919,Active
U1404,user1404@nvidia.com,AU,2022-10-12 18:21:48.923922,Active
U1180,user1180@nvidia.com,AU,2022-08-28 18:21:48.923924,Active
U1532,user1532@nvidia.com,AU,2024-01-30 18:21:48.923926,Active
U1346,user1346@nvidia.com,UK,2022-11-25 18:21:48.923928,Active
U1273,user1273@nvidia.com,IN,2024-02-12 18:21:48.923930,Active
U1199,user1199@nvidia.com,IN,2024-09-26 18:21:48.923932,Active
U1709,user1709@nvidia.com,US,2022-08-29 18:21:48.923934,Active
U1010,user1010@nvidia.com,AU,2023-04-03 18:21:48.923936,Active
U1041,user1041@nvidia.com,US,2023-12-17 18:21:48.923939,Suspended
U1257,user1257@nvidia.com,DE,2024-09-17 18:21:48.923942,Suspended
U1784,user1784@nvidia.com,UK,2023-05-04 18:21:48.923946,Active
U1845,user1845@nvidia.com,DE,2024-03-30 18:21:48.923949,Suspended
U1925,user1925@nvidia.com,UK,2025-02-11 18:21:48.923952,Suspended
U1960,user1960@nvidia.com,IN,2023-05-02 18:21:48.923955,Suspended
U1056,user1056@nvidia.com,UK,2022-12-08 18:21:48.923958,Active
U1301,user1301@nvidia.com,US,2023-06-17 18:21:48.923962,Suspended
U1336,user1336@nvidia.com,AU,2024-03-21 18:21:48.923965,Active
U1908,user1908@nvidia.com,UK,2024-02-25 18:21:48.923968,Suspended
U1440,user1440@nvidia.com,AU,2022-11-03 18:21:48.923972,Suspended
U1229,user1229@nvidia.com,DE,2022-12-19 18:21:48.923977,Active
U1599,user1599@nvidia.com,DE,2022-09-25 18:21:48.923980,Suspended
U1578,user1578@nvidia.com,DE,2022-12-22 18:21:48.923983,Active
U1536,user1536@nvidia.com,IN,2022-11-05 18:21:48.923987,Active
U1359,user1359@nvidia.com,AU,2024-07-23 18:21:48.923990,Suspended
U1341,user1341@nvidia.com,DE,2024-03-25 18:21:48.923994,Active
U1419,user1419@nvidia.com,US,2023-12-05 18:21:48.923997,Suspended
U1605,user1605@nvidia.com,IN,2024-12-15 18:21:48.924001,Suspended
U1982,user1982@nvidia.com,AU,2024-10-12 18:21:48.924004,Active
U1007,user1007@nvidia.com,UK,2025-02-14 18:21:48.924008,Suspended
U1128,user1128@nvidia.com,AU,2023-11-03 18:21:48.924011,Active
U1586,user1586@nvidia.com,UK,2024-02-15 18:21:48.924015,Active
U1646,user1646@nvidia.com,DE,2024-02-28 18:21:48.924018,Active
U1400,user1400@nvidia.com,UK,2024-04-20 18:21:48.924022,Active
U1943,user1943@nvidia.com,DE,2023-04-05 18:21:48.924025,Suspended
U1766,user1766@nvidia.com,DE,2023-07-17 18:21:48.924029,Suspended
U1080,user1080@nvidia.com,UK,2023-12-28 18:21:48.924033,Active
U1274,user1274@nvidia.com,DE,2023-02-25 18:21:48.924036,Active
U1215,user1215@nvidia.com,DE,2024-04-06 18:21:48.924040,Suspended
U1299,user1299@nvidia.com,AU,2025-03-12 18:21:48.924043,Suspended
U1935,user1935@nvidia.com,IN,2024-04-25 18:21:48.924047,Suspended
U1859,user1859@nvidia.com,UK,2025-01-28 18:21:48.924049,Active
U1081,user1081@nvidia.com,AU,2024-05-24 18:21:48.924051,Suspended
U1166,user1166@nvidia.com,IN,2024-08-27 18:21:48.924053,Active
U1539,user1539@nvidia.com,IN,2024-03-31 18:21:48.924055,Active
U1541,user1541@nvidia.com,AU,2024-01-26 18:21:48.924057,Suspended
U1485,user1485@nvidia.com,UK,2022-09-19 18:21:48.924059,Active
U1421,user1421@nvidia.com,AU,2024-09-12 18:21:48.924061,Suspended
U1491,user1491@nvidia.com,IN,2025-02-03 18:21:48.924062,Active
U1064,user1064@nvidia.com,US,2024-07-06 18:21:48.924064,Active
U1230,user1230@nvidia.com,DE,2023-02-24 18:21:48.924066,Suspended
U1112,user1112@nvidia.com,DE,2024-04-03 18:21:48.924068,Active
U1190,user1190@nvidia.com,DE,2025-02-24 18:21:48.924070,Active
U1580,user1580@nvidia.com,IN,2024-11-24 18:21:48.924072,Active
U1736,user1736@nvidia.com,IN,2025-01-18 18:21:48.924074,Active
U1549,user1549@nvidia.com,DE,2024-06-03 18:21:48.924076,Active
U1093,user1093@nvidia.com,DE,2024-09-30 18:21:48.924078,Active
U1498,user1498@nvidia.com,IN,2025-01-25 18:21:48.924080,Suspended
U1202,user1202@nvidia.com,DE,2023-12-23 18:21:48.924082,Active
U1369,user1369@nvidia.com,IN,2022-10-20 18:21:48.924084,Active
U1550,user1550@nvidia.com,DE,2023-01-03 18:21:48.924086,Suspended
U1195,user1195@nvidia.com,UK,2024-08-21 18:21:48.924087,Suspended
U1417,user1417@nvidia.com,IN,2023-04-30 18:21:48.924089,Active
U1790,user1790@nvidia.com,DE,2025-02-17 18:21:48.924091,Active
U1484,user1484@nvidia.com,AU,2024-12-23 18:21:48.924093,Active
U1881,user1881@nvidia.com,US,2023-10-28 18:21:48.924095,Active
U1585,user1585@nvidia.com,AU,2022-12-28 18:21:48.924097,Active
U1995,user1995@nvidia.com,US,2025-04-17 18:21:48.924098,Active
U1839,user1839@nvidia.com,IN,2024-09-27 18:21:48.924100,Active
U1082,user1082@nvidia.com,AU,2024-07-25 18:21:48.924102,Suspended
U1052,user1052@nvidia.com,AU,2023-08-23 18:21:48.924104,Suspended
U1352,user1352@nvidia.com,UK,2024-12-17 18:21:48.924106,Active
U1384,user1384@nvidia.com,IN,2024-06-23 18:21:48.924108,Active
U1334,user1334@nvidia.com,US,2024-11-27 18:21:48.924110,Suspended
U1748,user1748@nvidia.com,US,2022-12-27 18:21:48.924112,Active
U1123,user1123@nvidia.com,UK,2023-03-03 18:21:48.924114,Active
U1495,user1495@nvidia.com,US,2024-06-17 18:21:48.924116,Active
U1500,user1500@nvidia.com,US,2024-07-03 18:21:48.924118,Suspended
U1715,user1715@nvidia.com,US,2022-08-30 18:21:48.924119,Active
U1723,user1723@nvidia.com,DE,2023-09-03 18:21:48.924122,Active
U1375,user1375@nvidia.com,US,2023-03-18 18:21:48.924124,Suspended
U1640,user1640@nvidia.com,AU,2023-04-21 18:21:48.924126,Active
U1420,user1420@nvidia.com,UK,2022-12-13 18:21:48.924127,Active
U1113,user1113@nvidia.com,AU,2023-12-30 18:21:48.924129,Suspended
U1926,user1926@nvidia.com,IN,2024-02-11 18:21:48.924131,Active
U1704,user1704@nvidia.com,AU,2025-02-24 18:21:48.924133,Suspended
U1100,user1100@nvidia.com,DE,2025-03-03 18:21:48.924135,Active
U1663,user1663@nvidia.com,US,2024-05-26 18:21:48.924136,Suspended
U1231,user1231@nvidia.com,US,2022-11-23 18:21:48.924138,Active
U1486,user1486@nvidia.com,DE,2024-04-30 18:21:48.924140,Active
U1836,user1836@nvidia.com,DE,2025-01-24 18:21:48.924142,Suspended
U1569,user1569@nvidia.com,UK,2023-01-05 18:21:48.924144,Suspended
U1203,user1203@nvidia.com,DE,2023-09-06 18:21:48.924146,Active
U1705,user1705@nvidia.com,AU,2022-09-19 18:21:48.924147,Active
U1922,user1922@nvidia.com,UK,2023-02-01 18:21:48.924149,Active
U1941,user1941@nvidia.com,DE,2024-07-31 18:21:48.924151,Active
U1018,user1018@nvidia.com,AU,2023-07-26 18:21:48.924153,Active
U1355,user1355@nvidia.com,IN,2024-02-21 18:21:48.924154,Active
U1337,user1337@nvidia.com,DE,2023-11-16 18:21:48.924156,Suspended
U1518,user1518@nvidia.com,IN,2025-02-03 18:21:48.924158,Suspended
U1841,user1841@nvidia.com,US,2023-01-29 18:21:48.924160,Suspended
U1884,user1884@nvidia.com,AU,2023-12-07 18:21:48.924162,Active
U1447,user1447@nvidia.com,AU,2023-03-07 18:21:48.924164,Active
U1711,user1711@nvidia.com,DE,2025-03-23 18:21:48.924165,Active
U1156,user1156@nvidia.com,US,2024-11-16 18:21:48.924167,Active
U1551,user1551@nvidia.com,AU,2023-06-07 18:21:48.924169,Active
U1689,user1689@nvidia.com,DE,2024-02-15 18:21:48.924171,Suspended
U1944,user1944@nvidia.com,US,2025-03-18 18:21:48.924173,Active
U1775,user1775@nvidia.com,UK,2025-01-26 18:21:48.924175,Active
U1787,user1787@nvidia.com,IN,2024-12-23 18:21:48.924177,Suspended
U1648,user1648@nvidia.com,DE,2025-01-15 18:21:48.924178,Active
U1177,user1177@nvidia.com,AU,2023-07-17 18:21:48.924180,Suspended
U1974,user1974@nvidia.com,DE,2023-02-16 18:21:48.924182,Suspended
U1300,user1300@nvidia.com,US,2025-01-29 18:21:48.924184,Active
U1221,user1221@nvidia.com,UK,2023-11-07 18:21:48.924185,Active
U1896,user1896@nvidia.com,US,2022-12-21 18:21:48.924187,Active
U1802,user1802@nvidia.com,AU,2023-06-07 18:21:48.924189,Suspended
U1109,user1109@nvidia.com,US,2023-01-16 18:21:48.924191,Active
U1328,user1328@nvidia.com,US,2024-02-18 18:21:48.924193,Active
U1936,user1936@nvidia.com,IN,2024-07-08 18:21:48.924194,Active
U1894,user1894@nvidia.com,AU,2025-01-17 18:21:48.924196,Active
U1779,user1779@nvidia.com,AU,2022-10-06 18:21:48.924198,Active
U1283,user1283@nvidia.com,IN,2022-11-04 18:21:48.924200,Suspended
U1872,user1872@nvidia.com,DE,2023-04-02 18:21:48.924201,Suspended
U1318,user1318@nvidia.com,US,2023-05-31 18:21:48.924203,Active
U1577,user1577@nvidia.com,UK,2024-05-01 18:21:48.924205,Active
U1176,user1176@nvidia.com,AU,2024-03-05 18:21:48.924207,Suspended
U1773,user1773@nvidia.com,US,2024-01-07 18:21:48.924209,Active
U1606,user1606@nvidia.com,UK,2023-02-12 18:21:48.924213,Suspended
U1269,user1269@nvidia.com,AU,2025-01-01 18:21:48.924215,Suspended
U1110,user1110@nvidia.com,UK,2023-11-03 18:21:48.924217,Suspended
U1279,user1279@nvidia.com,AU,2024-07-26 18:21:48.924218,Active
U1964,user1964@nvidia.com,AU,2023-07-04 18:21:48.924220,Active
U1869,user1869@nvidia.com,DE,2024-06-18 18:21:48.924222,Suspended
U1876,user1876@nvidia.com,IN,2024-02-01 18:21:48.924224,Suspended
U1037,user1037@nvidia.com,IN,2023-05-17 18:21:48.924226,Active
U1439,user1439@nvidia.com,IN,2024-02-02 18:21:48.924227,Active
U1890,user1890@nvidia.com,DE,2023-03-05 18:21:48.924229,Suspended
U1860,user1860@nvidia.com,US,2024-03-23 18:21:48.924231,Active
U1179,user1179@nvidia.com,UK,2024-04-22 18:21:48.924233,Suspended
U1556,user1556@nvidia.com,UK,2024-06-24 18:21:48.924235,Suspended
U1956,user1956@nvidia.com,DE,2023-04-10 18:21:48.924237,Active
U1899,user1899@nvidia.com,US,2023-08-05 18:21:48.924238,Active
U1607,user1607@nvidia.com,UK,2025-03-17 18:21:48.924240,Active
U1681,user1681@nvidia.com,DE,2025-04-09 18:21:48.924242,Suspended
U1206,user1206@nvidia.com,DE,2022-09-06 18:21:48.924244,Active
U1920,user1920@nvidia.com,AU,2024-12-27 18:21:48.924245,Active
U1589,user1589@nvidia.com,AU,2023-05-30 18:21:48.924247,Suspended
U1031,user1031@nvidia.com,IN,2023-07-01 18:21:48.924249,Active
U1562,user1562@nvidia.com,UK,2023-03-04 18:21:48.924251,Active
U1197,user1197@nvidia.com,UK,2022-12-23 18:21:48.924253,Active
U1751,user1751@nvidia.com,AU,2023-06-29 18:21:48.924257,Suspended
U1259,user1259@nvidia.com,AU,2023-05-15 18:21:48.924260,Active
U1812,user1812@nvidia.com,IN,2024-08-06 18:21:48.924264,Active
U1356,user1356@nvidia.com,IN,2023-03-15 18:21:48.924267,Suspended
U1323,user1323@nvidia.com,UK,2022-11-04 18:21:48.924270,Active
U1353,user1353@nvidia.com,UK,2023-03-28 18:21:48.924273,Suspended
U1225,user1225@nvidia.com,AU,2024-05-02 18:21:48.924277,Active
U1745,user1745@nvidia.com,DE,2025-03-18 18:21:48.924280,Suspended
U1850,user1850@nvidia.com,UK,2024-05-04 18:21:48.924283,Active
U1161,user1161@nvidia.com,US,2025-02-11 18:21:48.924288,Suspended
U1348,user1348@nvidia.com,DE,2024-11-09 18:21:48.924293,Active
U1218,user1218@nvidia.com,US,2023-08-03 18:21:48.924297,Active
U1450,user1450@nvidia.com,UK,2025-02-15 18:21:48.924301,Active
U1897,user1897@nvidia.com,AU,2023-03-10 18:21:48.924304,Active
U1302,user1302@nvidia.com,UK,2022-08-31 18:21:48.924308,Active
U1793,user1793@nvidia.com,IN,2023-06-20 18:21:48.924311,Active
U1079,user1079@nvidia.com,AU,2023-08-23 18:21:48.924314,Active
U1174,user1174@nvidia.com,UK,2024-09-28 18:21:48.924316,Active
U1436,user1436@nvidia.com,IN,2024-03-25 18:21:48.924317,Active
U1245,user1245@nvidia.com,AU,2022-09-24 18:21:48.924319,Suspended
U1402,user1402@nvidia.com,UK,2023-08-03 18:21:48.924321,Active
U1891,user1891@nvidia.com,DE,2022-11-21 18:21:48.924323,Active
U1237,user1237@nvidia.com,UK,2024-12-27 18:21:48.924325,Active
U1330,user1330@nvidia.com,DE,2023-05-23 18:21:48.924326,Suspended
U1454,user1454@nvidia.com,US,2022-12-19 18:21:48.924329,Suspended
U1507,user1507@nvidia.com,UK,2024-10-29 18:21:48.924330,Active
U1496,user1496@nvidia.com,US,2023-07-26 18:21:48.924332,Active
U1625,user1625@nvidia.com,US,2024-04-22 18:21:48.924334,Suspended
U1289,user1289@nvidia.com,UK,2024-10-11 18:21:48.924336,Suspended
U1250,user1250@nvidia.com,IN,2023-08-22 18:21:48.924337,Active
U1579,user1579@nvidia.com,US,2023-07-30 18:21:48.924339,Active
U1886,user1886@nvidia.com,US,2024-09-15 18:21:48.924341,Active
U1984,user1984@nvidia.com,AU,2023-03-30 18:21:48.924343,Active
U1769,user1769@nvidia.com,IN,2023-03-13 18:21:48.924345,Active
U1035,user1035@nvidia.com,AU,2024-12-21 18:21:48.924346,Suspended
U1687,user1687@nvidia.com,IN,2023-10-19 18:21:48.924348,Suspended
U1674,user1674@nvidia.com,AU,2023-01-03 18:21:48.924350,Suspended
U1906,user1906@nvidia.com,US,2023-08-17 18:21:48.924352,Active
U1757,user1757@nvidia.com,AU,2025-03-24 18:21:48.924353,Active
U1103,user1103@nvidia.com,UK,2024-03-19 18:21:48.924355,Suspended
U1524,user1524@nvidia.com,US,2024-06-23 18:21:48.924357,Suspended
U1633,user1633@nvidia.com,US,2025-02-01 18:21:48.924359,Suspended
U1798,user1798@nvidia.com,UK,2024-03-10 18:21:48.924360,Active
U1668,user1668@nvidia.com,US,2023-12-23 18:21:48.924362,Suspended
U1696,user1696@nvidia.com,UK,2024-03-16 18:21:48.924364,Active
U1214,user1214@nvidia.com,IN,2022-09-15 18:21:48.924366,Active
U1077,user1077@nvidia.com,US,2024-12-27 18:21:48.924368,Suspended
U1271,user1271@nvidia.com,IN,2024-03-08 18:21:48.924370,Suspended
U1680,user1680@nvidia.com,IN,2024-12-07 18:21:48.924372,Active
U1651,user1651@nvidia.com,US,2024-07-24 18:21:48.924373,Suspended
U1042,user1042@nvidia.com,DE,2023-12-30 18:21:48.924375,Suspended
U1281,user1281@nvidia.com,UK,2023-11-23 18:21:48.924377,Suspended
U1970,user1970@nvidia.com,UK,2022-12-02 18:21:48.924379,Suspended
U1107,user1107@nvidia.com,AU,2024-06-27 18:21:48.924380,Suspended
U1068,user1068@nvidia.com,IN,2023-06-29 18:21:48.924382,Active
U1816,user1816@nvidia.com,IN,2023-02-05 18:21:48.924384,Suspended
U1622,user1622@nvidia.com,IN,2023-07-30 18:21:48.924386,Suspended
U1739,user1739@nvidia.com,AU,2022-10-09 18:21:48.924387,Suspended
U1445,user1445@nvidia.com,UK,2022-11-27 18:21:48.924389,Active
U1053,user1053@nvidia.com,UK,2023-01-30 18:21:48.924391,Active
U1333,user1333@nvidia.com,UK,2025-04-05 18:21:48.924393,Active
U1429,user1429@nvidia.com,IN,2024-09-28 18:21:48.924395,Suspended
U1609,user1609@nvidia.com,AU,2023-02-03 18:21:48.924396,Suspended
U1834,user1834@nvidia.com,UK,2023-07-16 18:21:48.924398,Suspended
U1667,user1667@nvidia.com,UK,2023-05-11 18:21:48.924400,Active
U1258,user1258@nvidia.com,IN,2023-09-04 18:21:48.924402,Suspended
U1189,user1189@nvidia.com,US,2024-03-29 18:21:48.924403,Active
U1547,user1547@nvidia.com,AU,2024-02-23 18:21:48.924405,Active
U1089,user1089@nvidia.com,AU,2023-04-30 18:21:48.924407,Suspended
U1331,user1331@nvidia.com,IN,2025-03-29 18:21:48.924409,Active
U1563,user1563@nvidia.com,AU,2024-07-07 18:21:48.924410,Suspended
U1996,user1996@nvidia.com,UK,2022-09-02 18:21:48.924412,Active
U1451,user1451@nvidia.com,UK,2024-08-29 18:21:48.924414,Active
U1246,user1246@nvidia.com,AU,2025-03-08 18:21:48.924416,Active
U1613,user1613@nvidia.com,AU,2024-03-03 18:21:48.924418,Active
U1611,user1611@nvidia.com,DE,2023-03-27 18:21:48.924420,Active
U1693,user1693@nvidia.com,US,2023-05-26 18:21:48.924421,Active
U1843,user1843@nvidia.com,UK,2023-07-29 18:21:48.924423,Suspended
U1414,user1414@nvidia.com,DE,2025-02-03 18:21:48.924425,Suspended
U1761,user1761@nvidia.com,AU,2025-02-26 18:21:48.924427,Active
U1304,user1304@nvidia.com,UK,2023-10-11 18:21:48.924429,Suspended
U1278,user1278@nvidia.com,DE,2022-12-03 18:21:48.924430,Suspended
U1558,user1558@nvidia.com,IN,2023-02-28 18:21:48.924432,Active
U1391,user1391@nvidia.com,US,2022-10-12 18:21:48.924434,Active
U1493,user1493@nvidia.com,IN,2023-07-18 18:21:48.924436,Suspended
U1371,user1371@nvidia.com,IN,2024-07-24 18:21:48.924438,Active
U1785,user1785@nvidia.com,UK,2024-11-24 18:21:48.924440,Suspended
U1712,user1712@nvidia.com,AU,2023-09-13 18:21:48.924442,Active
U1516,user1516@nvidia.com,UK,2024-09-28 18:21:48.924444,Active
U1464,user1464@nvidia.com,DE,2025-04-18 18:21:48.924445,Suspended
U1063,user1063@nvidia.com,UK,2024-11-27 18:21:48.924447,Suspended
U1528,user1528@nvidia.com,UK,2023-05-20 18:21:48.924449,Active
U1765,user1765@nvidia.com,US,2023-07-19 18:21:48.924451,Active
U1051,user1051@nvidia.com,DE,2025-04-17 18:21:48.924452,Active
U1643,user1643@nvidia.com,DE,2023-03-24 18:21:48.924454,Active
U1980,user1980@nvidia.com,DE,2022-12-06 18:21:48.924456,Active
U1463,user1463@nvidia.com,IN,2022-10-02 18:21:48.924458,Suspended
U1630,user1630@nvidia.com,US,2023-06-08 18:21:48.924459,Suspended
U1474,user1474@nvidia.com,DE,2023-04-20 18:21:48.924461,Active
U1885,user1885@nvidia.com,AU,2024-01-30 18:21:48.924463,Suspended
U1527,user1527@nvidia.com,UK,2024-07-29 18:21:48.924465,Active
U1923,user1923@nvidia.com,UK,2025-01-07 18:21:48.924466,Suspended
U1721,user1721@nvidia.com,AU,2024-12-30 18:21:48.924468,Suspended
U1832,user1832@nvidia.com,AU,2025-04-12 18:21:48.924470,Active
U1340,user1340@nvidia.com,IN,2024-09-25 18:21:48.924471,Suspended
U1808,user1808@nvidia.com,US,2024-05-14 18:21:48.924474,Active
U1928,user1928@nvidia.com,DE,2024-08-13 18:21:48.924476,Suspended
U1168,user1168@nvidia.com,UK,2023-08-18 18:21:48.924478,Active
U1971,user1971@nvidia.com,IN,2024-07-17 18:21:48.924480,Active
U1222,user1222@nvidia.com,IN,2024-09-11 18:21:48.924482,Active
U1561,user1561@nvidia.com,UK,2025-02-22 18:21:48.924483,Suspended
U1310,user1310@nvidia.com,UK,2025-01-23 18:21:48.924485,Active
U1430,user1430@nvidia.com,AU,2023-08-23 18:21:48.924487,Suspended
U1632,user1632@nvidia.com,AU,2023-02-14 18:21:48.924489,Suspended
U1662,user1662@nvidia.com,IN,2022-09-13 18:21:48.924490,Active
U1099,user1099@nvidia.com,US,2023-06-12 18:21:48.924492,Active
U1260,user1260@nvidia.com,AU,2024-01-27 18:21:48.924494,Suspended
U1209,user1209@nvidia.com,DE,2025-04-07 18:21:48.924496,Suspended
U1666,user1666@nvidia.com,UK,2024-01-16 18:21:48.924590,Active
U1505,user1505@nvidia.com,AU,2025-01-16 18:21:48.924596,Active
U1148,user1148@nvidia.com,AU,2023-02-04 18:21:48.924601,Suspended
U1374,user1374@nvidia.com,US,2023-08-07 18:21:48.924605,Active
U1236,user1236@nvidia.com,AU,2023-06-20 18:21:48.924608,Suspended
U1398,user1398@nvidia.com,AU,2025-04-07 18:21:48.924611,Suspended
U1405,user1405@nvidia.com,UK,2023-02-14 18:21:48.924614,Suspended
U1962,user1962@nvidia.com,US,2023-02-15 18:21:48.924618,Suspended
U1990,user1990@nvidia.com,AU,2024-06-12 18:21:48.924621,Active
U1699,user1699@nvidia.com,IN,2023-12-16 18:21:48.924624,Active
U1332,user1332@nvidia.com,IN,2024-09-14 18:21:48.924628,Active
U1973,user1973@nvidia.com,US,2023-11-18 18:21:48.924633,Active
U1512,user1512@nvidia.com,IN,2024-06-19 18:21:48.924637,Suspended
U1929,user1929@nvidia.com,IN,2023-07-12 18:21:48.924640,Suspended
U1309,user1309@nvidia.com,UK,2023-01-09 18:21:48.924644,Active
U1393,user1393@nvidia.com,DE,2025-03-03 18:21:48.924647,Active
U1291,user1291@nvidia.com,UK,2022-11-03 18:21:48.924650,Suspended
U1489,user1489@nvidia.com,US,2022-12-10 18:21:48.924653,Suspended
U1358,user1358@nvidia.com,IN,2024-03-01 18:21:48.924656,Suspended
U1469,user1469@nvidia.com,IN,2025-01-29 18:21:48.924659,Active
U1233,user1233@nvidia.com,US,2024-12-22 18:21:48.924662,Active
U1198,user1198@nvidia.com,AU,2022-12-04 18:21:48.924665,Active
U1065,user1065@nvidia.com,IN,2022-11-15 18:21:48.924669,Suspended
U1822,user1822@nvidia.com,UK,2023-05-03 18:21:48.924672,Active
U1961,user1961@nvidia.com,IN,2025-04-09 18:21:48.924675,Suspended
U1389,user1389@nvidia.com,DE,2025-02-19 18:21:48.924677,Active
U1060,user1060@nvidia.com,IN,2024-05-30 18:21:48.924681,Suspended
U1707,user1707@nvidia.com,IN,2025-02-15 18:21:48.924684,Active
U1427,user1427@nvidia.com,AU,2023-07-16 18:21:48.924688,Suspended
U1590,user1590@nvidia.com,UK,2024-04-23 18:21:48.924691,Active
U1125,user1125@nvidia.com,IN,2023-06-05 18:21:48.924694,Active
U1028,user1028@nvidia.com,US,2022-11-21 18:21:48.924697,Active
U1686,user1686@nvidia.com,AU,2024-12-18 18:21:48.924700,Suspended
U1866,user1866@nvidia.com,US,2022-11-05 18:21:48.924704,Active
U1892,user1892@nvidia.com,IN,2025-02-16 18:21:48.924707,Suspended
U1114,user1114@nvidia.com,IN,2025-03-17 18:21:48.924711,Suspended
U1297,user1297@nvidia.com,IN,2023-04-09 18:21:48.924714,Active
U1432,user1432@nvidia.com,UK,2022-11-09 18:21:48.924717,Active
U1019,user1019@nvidia.com,US,2024-07-29 18:21:48.924721,Suspended
U1957,user1957@nvidia.com,DE,2023-09-05 18:21:48.924724,Suspended
U1593,user1593@nvidia.com,IN,2024-02-12 18:21:48.924728,Active
U1915,user1915@nvidia.com,UK,2024-08-15 18:21:48.924731,Active
U1719,user1719@nvidia.com,UK,2023-01-30 18:21:48.924734,Active
U1758,user1758@nvidia.com,AU,2022-11-20 18:21:48.924739,Active
U1774,user1774@nvidia.com,UK,2024-07-28 18:21:48.924743,Active
U1026,user1026@nvidia.com,DE,2023-04-12 18:21:48.924746,Active
U1955,user1955@nvidia.com,UK,2023-11-05 18:21:48.924749,Active
U1293,user1293@nvidia.com,IN,2023-07-14 18:21:48.924753,Active
U1592,user1592@nvidia.com,IN,2023-10-23 18:21:48.924756,Active
U1665,user1665@nvidia.com,US,2022-09-20 18:21:48.924759,Active
U1276,user1276@nvidia.com,AU,2022-08-28 18:21:48.924763,Suspended
U1571,user1571@nvidia.com,DE,2022-10-10 18:21:48.924766,Suspended
U1272,user1272@nvidia.com,UK,2024-01-27 18:21:48.924770,Suspended
U1153,user1153@nvidia.com,US,2023-06-24 18:21:48.924773,Active
U1076,user1076@nvidia.com,AU,2024-05-07 18:21:48.924777,Active
U1615,user1615@nvidia.com,UK,2025-04-23 18:21:48.924780,Suspended
U1150,user1150@nvidia.com,UK,2023-09-08 18:21:48.924783,Suspended
U1315,user1315@nvidia.com,DE,2023-11-02 18:21:48.924786,Active
U1084,user1084@nvidia.com,US,2024-07-07 18:21:48.924789,Suspended
U1320,user1320@nvidia.com,DE,2022-11-07 18:21:48.924795,Active
U1805,user1805@nvidia.com,UK,2024-10-05 18:21:48.924799,Suspended
U1392,user1392@nvidia.com,UK,2023-06-20 18:21:48.924802,Active
U1933,user1933@nvidia.com,UK,2024-05-18 18:21:48.924805,Active
U1619,user1619@nvidia.com,IN,2024-02-20 18:21:48.924808,Suspended
U1697,user1697@nvidia.com,US,2022-11-03 18:21:48.924811,Suspended
U1011,user1011@nvidia.com,DE,2023-03-24 18:21:48.924814,Suspended
U1140,user1140@nvidia.com,US,2024-06-04 18:21:48.924817,Active
U1601,user1601@nvidia.com,US,2024-02-03 18:21:48.924820,Active
U1531,user1531@nvidia.com,DE,2024-01-04 18:21:48.924823,Suspended
U1986,user1986@nvidia.com,IN,2023-07-31 18:21:48.924826,Active
U1265,user1265@nvidia.com,DE,2024-03-15 18:21:48.924829,Active
U1676,user1676@nvidia.com,UK,2024-05-03 18:21:48.924832,Suspended
U1411,user1411@nvidia.com,AU,2022-12-19 18:21:48.924835,Suspended
U1408,user1408@nvidia.com,US,2024-06-30 18:21:48.924838,Active
U1797,user1797@nvidia.com,UK,2023-02-02 18:21:48.924842,Suspended
U1191,user1191@nvidia.com,UK,2024-05-29 18:21:48.924845,Active
U1286,user1286@nvidia.com,US,2024-06-23 18:21:48.924848,Active
U1131,user1131@nvidia.com,UK,2023-06-09 18:21:48.924851,Active
U1151,user1151@nvidia.com,US,2022-11-08 18:21:48.924854,Suspended
U1862,user1862@nvidia.com,US,2023-08-27 18:21:48.924857,Suspended
U1086,user1086@nvidia.com,US,2022-10-19 18:21:48.924860,Suspended
U1814,user1814@nvidia.com,DE,2023-02-11 18:21:48.924863,Suspended
U1655,user1655@nvidia.com,US,2023-01-31 18:21:48.924866,Suspended
U1365,user1365@nvidia.com,IN,2023-09-30 18:21:48.924869,Suspended
U1754,user1754@nvidia.com,IN,2025-03-14 18:21:48.924872,Active
U1251,user1251@nvidia.com,UK,2023-02-11 18:21:48.924875,Suspended
U1127,user1127@nvidia.com,UK,2022-10-12 18:21:48.924879,Suspended
U1887,user1887@nvidia.com,AU,2023-02-14 18:21:48.924882,Active
U1661,user1661@nvidia.com,IN,2022-12-09 18:21:48.924884,Active
U1136,user1136@nvidia.com,IN,2022-11-12 18:21:48.924887,Active
U1673,user1673@nvidia.com,AU,2024-04-04 18:21:48.924890,Suspended
U1639,user1639@nvidia.com,US,2023-06-12 18:21:48.924893,Suspended
U1642,user1642@nvidia.com,UK,2022-11-14 18:21:48.924896,Suspended
U1296,user1296@nvidia.com,UK,2025-01-16 18:21:48.924899,Suspended
U1223,user1223@nvidia.com,AU,2023-12-25 18:21:48.924902,Suspended
U1216,user1216@nvidia.com,AU,2023-05-28 18:21:48.924905,Suspended
U1831,user1831@nvidia.com,DE,2024-08-01 18:21:48.924908,Active
U1234,user1234@nvidia.com,AU,2022-12-09 18:21:48.924911,Suspended
U1213,user1213@nvidia.com,US,2024-09-20 18:21:48.924914,Suspended
U1013,user1013@nvidia.com,IN,2023-08-26 18:21:48.924917,Suspended
U1621,user1621@nvidia.com,IN,2023-06-08 18:21:48.924920,Suspended
U1401,user1401@nvidia.com,IN,2024-02-15 18:21:48.924923,Active
U1178,user1178@nvidia.com,IN,2022-09-17 18:21:48.924926,Active
U1783,user1783@nvidia.com,UK,2023-05-06 18:21:48.924929,Suspended
U1425,user1425@nvidia.com,US,2024-11-26 18:21:48.924932,Active
U1767,user1767@nvidia.com,IN,2025-01-16 18:21:48.924935,Active
U1200,user1200@nvidia.com,AU,2024-10-09 18:21:48.924938,Active
U1972,user1972@nvidia.com,DE,2023-11-28 18:21:48.924941,Active
U1678,user1678@nvidia.com,UK,2024-04-25 18:21:48.924944,Active
U1720,user1720@nvidia.com,UK,2023-11-30 18:21:48.924947,Active
U1322,user1322@nvidia.com,AU,2024-05-09 18:21:48.924950,Suspended
U1428,user1428@nvidia.com,AU,2024-07-07 18:21:48.924953,Suspended
U1277,user1277@nvidia.com,US,2024-08-22 18:21:48.924956,Suspended
U1461,user1461@nvidia.com,DE,2024-10-02 18:21:48.924959,Active
U1566,user1566@nvidia.com,UK,2025-03-20 18:21:48.924963,Suspended
U1070,user1070@nvidia.com,DE,2023-12-12 18:21:48.924968,Active
U1129,user1129@nvidia.com,UK,2023-12-05 18:21:48.924971,Active
U1844,user1844@nvidia.com,US,2024-03-21 18:21:48.924974,Active
U1540,user1540@nvidia.com,UK,2024-11-06 18:21:48.924977,Active
U1360,user1360@nvidia.com,IN,2022-10-13 18:21:48.924980,Active
U1560,user1560@nvidia.com,US,2024-01-26 18:21:48.924983,Suspended
U1653,user1653@nvidia.com,AU,2024-08-14 18:21:48.924986,Suspended
U1618,user1618@nvidia.com,AU,2023-10-01 18:21:48.924990,Active
U1242,user1242@nvidia.com,IN,2022-09-14 18:21:48.924993,Active
U1119,user1119@nvidia.com,UK,2023-10-30 18:21:48.924996,Active
U1794,user1794@nvidia.com,AU,2022-09-05 18:21:48.924999,Suspended
U1426,user1426@nvidia.com,AU,2023-02-03 18:21:48.925002,Suspended
U1981,user1981@nvidia.com,IN,2024-07-14 18:21:48.925006,Suspended
U1575,user1575@nvidia.com,DE,2022-11-30 18:21:48.925009,Suspended
U1453,user1453@nvidia.com,DE,2025-04-11 18:21:48.925012,Active
U1647,user1647@nvidia.com,IN,2023-02-11 18:21:48.925016,Active
U1546,user1546@nvidia.com,DE,2024-02-07 18:21:48.925019,Active
U1883,user1883@nvidia.com,AU,2023-07-03 18:21:48.925022,Suspended
U1247,user1247@nvidia.com,UK,2025-02-06 18:21:48.925025,Active
U1768,user1768@nvidia.com,AU,2023-07-26 18:21:48.925029,Suspended
U1380,user1380@nvidia.com,US,2023-09-25 18:21:48.925033,Active
U1002,user1002@nvidia.com,IN,2022-10-27 18:21:48.925036,Active
U1649,user1649@nvidia.com,US,2022-09-17 18:21:48.925039,Suspended
U1288,user1288@nvidia.com,US,2024-12-27 18:21:48.925042,Suspended
U1154,user1154@nvidia.com,AU,2024-12-16 18:21:48.925045,Suspended
U1111,user1111@nvidia.com,IN,2023-01-24 18:21:48.925049,Active
U1144,user1144@nvidia.com,UK,2024-02-14 18:21:48.925053,Suspended
U1898,user1898@nvidia.com,DE,2024-02-12 18:21:48.925056,Active
U1038,user1038@nvidia.com,DE,2022-10-06 18:21:48.925060,Active
U1047,user1047@nvidia.com,IN,2022-11-23 18:21:48.925063,Suspended
U1743,user1743@nvidia.com,US,2023-01-09 18:21:48.925066,Active
U1692,user1692@nvidia.com,AU,2022-09-27 18:21:48.925071,Active
U1644,user1644@nvidia.com,UK,2022-08-28 18:21:48.925074,Active
U1287,user1287@nvidia.com,DE,2023-10-02 18:21:48.925077,Active
U1364,user1364@nvidia.com,DE,2024-04-09 18:21:48.925081,Suspended
U1492,user1492@nvidia.com,DE,2024-11-10 18:21:48.925084,Active
U1457,user1457@nvidia.com,AU,2025-03-16 18:21:48.925088,Active
U1311,user1311@nvidia.com,US,2022-10-31 18:21:48.925091,Suspended
U1520,user1520@nvidia.com,DE,2024-01-30 18:21:48.925094,Suspended
U1460,user1460@nvidia.com,DE,2024-12-01 18:21:48.925098,Suspended
U1732,user1732@nvidia.com,AU,2024-11-14 18:21:48.925101,Active
U1368,user1368@nvidia.com,US,2022-11-13 18:21:48.925104,Suspended
U1448,user1448@nvidia.com,US,2022-10-13 18:21:48.925107,Suspended
U1737,user1737@nvidia.com,US,2024-01-31 18:21:48.925111,Suspended
U1455,user1455@nvidia.com,UK,2023-12-12 18:21:48.925115,Suspended
U1694,user1694@nvidia.com,IN,2023-10-01 18:21:48.925119,Active
U1728,user1728@nvidia.com,US,2024-04-11 18:21:48.925122,Suspended
U1538,user1538@nvidia.com,AU,2024-05-26 18:21:48.925126,Suspended
U1519,user1519@nvidia.com,AU,2023-08-15 18:21:48.925129,Suspended
U1462,user1462@nvidia.com,US,2023-11-28 18:21:48.925132,Suspended
U1381,user1381@nvidia.com,AU,2024-08-01 18:21:48.925136,Active
U1587,user1587@nvidia.com,IN,2025-01-24 18:21:48.925139,Active
U1701,user1701@nvidia.com,AU,2025-02-15 18:21:48.925142,Suspended
U1363,user1363@nvidia.com,IN,2024-04-13 18:21:48.925145,Active
U1366,user1366@nvidia.com,DE,2024-07-10 18:21:48.925148,Active
U1239,user1239@nvidia.com,AU,2024-05-09 18:21:48.925151,Active
U1871,user1871@nvidia.com,DE,2024-12-21 18:21:48.925155,Active
U1382,user1382@nvidia.com,AU,2024-07-25 18:21:48.925158,Suspended
U1141,user1141@nvidia.com,UK,2023-03-20 18:21:48.925161,Suspended
U1342,user1342@nvidia.com,US,2023-01-02 18:21:48.925164,Suspended
U1241,user1241@nvidia.com,UK,2025-02-14 18:21:48.925167,Suspended
U1508,user1508@nvidia.com,AU,2025-01-02 18:21:48.925170,Active
U1610,user1610@nvidia.com,IN,2022-10-01 18:21:48.925173,Suspended
U1409,user1409@nvidia.com,IN,2023-03-09 18:21:48.925176,Suspended
U1471,user1471@nvidia.com,DE,2024-09-30 18:21:48.925180,Active
U1747,user1747@nvidia.com,US,2024-09-16 18:21:48.925183,Active
U1913,user1913@nvidia.com,AU,2023-01-24 18:21:48.925186,Suspended
U1023,user1023@nvidia.com,UK,2024-03-03 18:21:48.925189,Active
U1482,user1482@nvidia.com,AU,2022-12-16 18:21:48.925192,Active
U1106,user1106@nvidia.com,AU,2025-01-16 18:21:48.925195,Suspended
U1503,user1503@nvidia.com,UK,2023-10-24 18:21:48.925198,Suspended
U1143,user1143@nvidia.com,US,2024-07-02 18:21:48.925201,Suspended
U1212,user1212@nvidia.com,US,2024-12-15 18:21:48.925204,Suspended
U1710,user1710@nvidia.com,AU,2023-12-19 18:21:48.925207,Active
U1477,user1477@nvidia.com,IN,2022-09-13 18:21:48.925210,Active
U1066,user1066@nvidia.com,AU,2024-03-09 18:21:48.925213,Active
U1921,user1921@nvidia.com,UK,2023-09-20 18:21:48.925216,Active
U1889,user1889@nvidia.com,IN,2023-01-12 18:21:48.925219,Active
U1196,user1196@nvidia.com,DE,2024-11-12 18:21:48.925222,Active
U1724,user1724@nvidia.com,US,2024-04-07 18:21:48.925225,Active
U1716,user1716@nvidia.com,IN,2022-09-17 18:21:48.925228,Suspended
U1005,user1005@nvidia.com,IN,2025-02-09 18:21:48.925231,Active
U1533,user1533@nvidia.com,IN,2023-10-08 18:21:48.925234,Suspended
U1940,user1940@nvidia.com,IN,2025-01-08 18:21:48.925237,Active
U1903,user1903@nvidia.com,DE,2024-03-20 18:21:48.925240,Active
U1623,user1623@nvidia.com,US,2023-02-06 18:21:48.925243,Suspended
U1183,user1183@nvidia.com,IN,2025-03-27 18:21:48.925246,Active
U1568,user1568@nvidia.com,UK,2023-02-23 18:21:48.925249,Suspended
U1963,user1963@nvidia.com,UK,2025-01-08 18:21:48.925252,Suspended
U1071,user1071@nvidia.com,DE,2024-01-12 18:21:48.925255,Suspended
U1658,user1658@nvidia.com,US,2024-01-10 18:21:48.925258,Suspended
U1909,user1909@nvidia.com,IN,2025-03-27 18:21:48.925262,Active
U1781,user1781@nvidia.com,UK,2024-11-23 18:21:48.925265,Suspended
U1316,user1316@nvidia.com,UK,2022-11-21 18:21:48.925268,Suspended
U1537,user1537@nvidia.com,DE,2023-01-12 18:21:48.925271,Suspended
U1567,user1567@nvidia.com,UK,2023-12-04 18:21:48.925274,Active
U1413,user1413@nvidia.com,US,2024-12-19 18:21:48.925277,Active
U1050,user1050@nvidia.com,DE,2024-11-26 18:21:48.925280,Active
U1856,user1856@nvidia.com,UK,2024-07-13 18:21:48.925283,Active
U1217,user1217@nvidia.com,DE,2024-02-13 18:21:48.925286,Active
U1139,user1139@nvidia.com,US,2025-01-29 18:21:48.925289,Suspended
U1295,user1295@nvidia.com,AU,2024-12-08 18:21:48.925292,Suspended
U1583,user1583@nvidia.com,UK,2022-09-28 18:21:48.925295,Active
U1951,user1951@nvidia.com,UK,2024-07-22 18:21:48.925298,Active
U1734,user1734@nvidia.com,UK,2025-01-27 18:21:48.925301,Suspended
U1523,user1523@nvidia.com,UK,2023-08-28 18:21:48.925304,Active
U1344,user1344@nvidia.com,US,2024-05-06 18:21:48.925307,Active
U1395,user1395@nvidia.com,UK,2025-01-28 18:21:48.925310,Active
U1729,user1729@nvidia.com,AU,2023-05-22 18:21:48.925314,Active
U1772,user1772@nvidia.com,DE,2024-08-29 18:21:48.925317,Active
U1624,user1624@nvidia.com,AU,2024-03-10 18:21:48.925320,Suspended
U1570,user1570@nvidia.com,AU,2022-12-03 18:21:48.925324,Suspended
U1499,user1499@nvidia.com,US,2023-04-12 18:21:48.925327,Suspended
U1778,user1778@nvidia.com,AU,2023-10-03 18:21:48.925330,Suspended
U1476,user1476@nvidia.com,IN,2023-10-16 18:21:48.925333,Suspended
U1015,user1015@nvidia.com,US,2023-01-17 18:21:48.925337,Suspended
U1347,user1347@nvidia.com,UK,2022-09-09 18:21:48.925341,Active
U1016,user1016@nvidia.com,DE,2025-03-26 18:21:48.925344,Active
U1612,user1612@nvidia.com,AU,2024-05-13 18:21:48.925347,Active
U1424,user1424@nvidia.com,US,2023-07-08 18:21:48.925350,Active
U1201,user1201@nvidia.com,DE,2023-04-01 18:21:48.925353,Suspended
U1870,user1870@nvidia.com,AU,2024-05-13 18:21:48.925356,Active
U1290,user1290@nvidia.com,DE,2023-01-03 18:21:48.925360,Active
U1184,user1184@nvidia.com,US,2024-07-27 18:21:48.925363,Active
U1616,user1616@nvidia.com,US,2024-03-12 18:21:48.925366,Active
U1660,user1660@nvidia.com,US,2025-03-10 18:21:48.925370,Active
U1134,user1134@nvidia.com,IN,2024-04-12 18:21:48.925374,Suspended
U1262,user1262@nvidia.com,DE,2023-11-06 18:21:48.925378,Suspended
U1987,user1987@nvidia.com,AU,2024-09-08 18:21:48.925381,Suspended
U1998,user1998@nvidia.com,IN,2025-03-19 18:21:48.925385,Suspended
U1510,user1510@nvidia.com,IN,2024-04-09 18:21:48.925388,Suspended
U1046,user1046@nvidia.com,AU,2024-09-02 18:21:48.925391,Active
U1525,user1525@nvidia.com,IN,2023-05-01 18:21:48.925394,Suspended
U1791,user1791@nvidia.com,US,2024-07-13 18:21:48.925397,Suspended
U1423,user1423@nvidia.com,IN,2022-12-11 18:21:48.925400,Suspended
U1937,user1937@nvidia.com,AU,2024-05-05 18:21:48.925404,Active
U1164,user1164@nvidia.com,US,2024-01-18 18:21:48.925413,Suspended
U1185,user1185@nvidia.com,DE,2022-12-18 18:21:48.925419,Active
U1916,user1916@nvidia.com,AU,2024-10-23 18:21:48.925423,Suspended
U1594,user1594@nvidia.com,US,2023-02-17 18:21:48.925427,Suspended
U1877,user1877@nvidia.com,UK,2025-01-09 18:21:48.925431,Suspended
U1354,user1354@nvidia.com,IN,2022-09-28 18:21:48.925435,Active
U1968,user1968@nvidia.com,AU,2025-03-20 18:21:48.925438,Active
U1388,user1388@nvidia.com,DE,2024-02-02 18:21:48.925441,Active
U1006,user1006@nvidia.com,IN,2023-04-05 18:21:48.925445,Suspended
U1349,user1349@nvidia.com,UK,2024-07-20 18:21:48.925449,Active
U1879,user1879@nvidia.com,DE,2024-10-20 18:21:48.925452,Active
U1614,user1614@nvidia.com,AU,2023-04-12 18:21:48.925456,Suspended
U1057,user1057@nvidia.com,IN,2024-08-11 18:21:48.925459,Suspended
U1442,user1442@nvidia.com,DE,2023-04-27 18:21:48.925462,Suspended
U1677,user1677@nvidia.com,AU,2024-10-12 18:21:48.925466,Suspended
U1124,user1124@nvidia.com,UK,2022-12-28 18:21:48.925470,Active
U1012,user1012@nvidia.com,AU,2024-01-03 18:21:48.925473,Suspended
U1263,user1263@nvidia.com,AU,2024-09-17 18:21:48.925477,Active
U1542,user1542@nvidia.com,AU,2022-09-15 18:21:48.925480,Active
U1825,user1825@nvidia.com,US,2023-07-14 18:21:48.925483,Suspended
U1535,user1535@nvidia.com,DE,2025-04-10 18:21:48.925487,Suspended
U1573,user1573@nvidia.com,UK,2024-12-04 18:21:48.925490,Suspended
U1509,user1509@nvidia.com,DE,2023-04-05 18:21:48.925493,Suspended
U1868,user1868@nvidia.com,AU,2024-11-05 18:21:48.925497,Active
U1905,user1905@nvidia.com,AU,2024-08-25 18:21:48.925500,Active
U1657,user1657@nvidia.com,UK,2024-10-13 18:21:48.925504,Active
U1900,user1900@nvidia.com,UK,2022-10-30 18:21:48.925507,Active
U1565,user1565@nvidia.com,AU,2023-09-03 18:21:48.925510,Suspended
U1588,user1588@nvidia.com,DE,2024-10-25 18:21:48.925514,Suspended
U1466,user1466@nvidia.com,AU,2023-05-01 18:21:48.925517,Suspended
U1918,user1918@nvidia.com,AU,2023-01-12 18:21:48.925521,Active
U1268,user1268@nvidia.com,UK,2022-11-25 18:21:48.925524,Active
U1149,user1149@nvidia.com,IN,2024-01-01 18:21:48.925527,Suspended
U1992,user1992@nvidia.com,IN,2024-04-10 18:21:48.925530,Suspended
U1186,user1186@nvidia.com,UK,2024-06-06 18:21:48.925533,Active
U1054,user1054@nvidia.com,UK,2024-12-28 18:21:48.925536,Suspended
U1390,user1390@nvidia.com,IN,2023-10-14 18:21:48.925539,Active
